Account address,Show boosts,Notify on new posts,Languages
_delta_zero@infosec.exchange,true,false,
0x00string@infosec.exchange,true,false,
0xabad1dea@infosec.exchange,true,false,
0xamit@infosec.exchange,true,false,
0xc0ffee@infosec.exchange,true,false,
0xDUDE@mastodon.social,true,false,
0xhexhacker@mathstodon.xyz,true,false,
0xlouis@mastodon.social,true,false,
2600@mastodon.online,true,false,
305Vic@infosec.exchange,true,false,
44CON@infosec.exchange,true,false,
A1zen@mastodon.social,true,false,
aaronosaurus@hachyderm.io,true,false,
aaronportnoy@infosec.exchange,true,false,
abnerg@hachyderm.io,true,false,
abrignoni@infosec.exchange,true,false,
accidentalciso@infosec.exchange,true,false,
acroll@nerdculture.de,true,false,
adamdavidson@journa.host,true,false,
adamo@infosec.exchange,true,false,
adamshostack@infosec.exchange,true,false,
adh@infosec.exchange,true,false,
admin@friendsofdesoto.social,true,false,
adminkirsty@infosec.exchange,true,false,
aeva@mastodon.gamedev.place,true,false,
Agarri_FR@mastodon.xyz,true,false,
agreenberg@infosec.exchange,true,false,
aidan_walsh@mastodon.ie,true,false,
aikensource@infosec.exchange,true,false,
albinolobster@infosec.exchange,true,false,
albinowax@infosec.exchange,true,false,
alex@cybervillains.com,true,false,
alexhern@tech.intersects.art,true,false,
alexmunroe@infosec.exchange,true,false,
alien@infosec.exchange,true,false,
allanfriedman@infosec.exchange,true,false,
alxrogan@defcon.social,true,false,
alyssam_infosec@infosec.exchange,true,false,
amarkulo@mastodon.social,true,false,
amita@prodromou.pub,true,false,
AndrewMohawk@infosec.exchange,true,false,
andykroll@mastodon.world,true,false,
angus@defcon.social,true,false,
annaghughes@mastodon.online,true,false,
AnnieWaldman@newsie.social,true,false,
anticomputer@emacs.ch,true,false,
antifarben@mastodon.social,true,false,
antifuse@infosec.exchange,true,false,
apiratemoo@infosec.exchange,true,false,
april@macaw.social,true,false,
aprilwright@infosec.exchange,true,false,
ARI@defcon.social,true,false,
arman@mastodon.think-privacy.com,true,false,
armengar@infosec.exchange,true,false,
arrdem@macaw.social,true,false,
artk@infosec.exchange,true,false,
asherwolf@mastodon.social,true,false,
AustinHackers@infosec.exchange,true,false,
axnxcamr@mstdn.ca,true,false,
b0rk@jvns.ca,true,false,
babyfangs@infosec.exchange,true,false,
banasidhe@kolektiva.social,true,false,
banbreach@infosec.exchange,true,false,
baybedoll@infosec.exchange,true,false,
bcrypt@infosec.exchange,true,false,
bdooling@infosec.exchange,true,false,
beaubouchard@infosec.exchange,true,false,
beauwoods@defcon.social,true,false,
beauwoods@infosec.exchange,true,false,
beauwoods@mastodon.social,true,false,
benheise@infosec.exchange,true,false,
BenjaminAhr@mastodon.social,true,false,
bfu@haunted.computer,true,false,
bghote@infosec.exchange,true,false,
bgingold@macaw.social,true,false,
bigzaphod@mastodon.social,true,false,
binarywishes@infosec.exchange,true,false,
binitamshah@ioc.exchange,true,false,
bitchpeas@infosec.exchange,true,false,
bitterkarella@sfba.social,true,false,
bittner@hachyderm.io,true,false,
bjmendelson@mastodon.social,true,false,
BleepingComputer@infosec.exchange,true,false,
bobasketright@infosec.exchange,true,false,
bobdobberson@dobbs.town,true,false,
boblord@infosec.exchange,true,false,
bonsaiviking@infosec.exchange,true,false,
bontchev@infosec.exchange,true,false,
botherder@mastodon.social,true,false,
bplein@bvp.me,true,false,
bradfitz@inuh.net,true,false,
brain@infosec.exchange,true,false,
briankrebs@infosec.exchange,true,false,
BrianWGray@infosec.exchange,true,false,
bsides312@infosec.exchange,true,false,
BSidesLV@infosec.exchange,true,false,
BurbSecNorth@infosec.exchange,true,false,
burrowingsec@mastodon.social,true,false,
busterb@infosec.exchange,true,false,
bykenarmstrong@mastodon.social,true,false,
byt3bl33d3r@infosec.exchange,true,false,
c@pub.waffle.tech,true,false,
c7five@infosec.exchange,true,false,
calebjasik@mas.to,true,false,
campuscodi@mastodon.social,true,false,
cannibal@infosec.exchange,true,false,
cap@twit.social,true,false,
carolinechen@mastodon.social,true,false,
caseyjohnellis@infosec.exchange,true,false,
Castopod@podlibre.social,true,false,
casualsec@infosec.exchange,true,false,
catc0n@infosec.exchange,true,false,
catsalad@infosec.exchange,true,false,
ceci@friendsofdesoto.social,true,false,
cendyne@furry.engineer,true,false,
cetasyn@infosec.exchange,true,false,
cfarivar@journa.host,true,false,
cfp_time@infosec.exchange,true,false,
chadloder@kolektiva.social,true,false,
charlesdardaman@infosec.exchange,true,false,
Charlotteshhhh@zeroes.ca,true,false,
chich@infosec.exchange,true,false,
chiesennegs@infosec.exchange,true,false,
ChloeMessdaghi@infosec.exchange,true,false,
chris_kirsch@infosec.exchange,true,false,
chrisd9r@journa.host,true,false,
ChrisJohnRiley@infosec.exchange,true,false,
chrismerkel@infosec.exchange,true,false,
ChrisTruncer@infosec.exchange,true,false,
ciaranmartin@infosec.exchange,true,false,
ciphermonger@infosec.exchange,true,false,
cirriustech@infosec.exchange,true,false,
citizenlab@mastodon.social,true,false,
cj@chaos.social,true,false,
ckape@teh.entar.net,true,false,
ClarksonCJ@infosec.exchange,true,false,
claudiom@bsd.network,true,false,
claytantor@mastodon.social,true,false,
ClevVenger@infosec.exchange,true,false,
climagic@mastodon.social,true,false,
clint@infosec.exchange,true,false,
Cmastication@mastodon.social,true,false,
cmos6502@mastodon.sdf.org,true,false,
Colarusso@mastodon.social,true,false,
CommieGIR@infosec.exchange,true,false,
cong@mastodon.social,true,false,
cooki3cutt3r@social.linux.pizza,true,false,
CoopSec@infosec.exchange,true,false,
corelanc0d3r@infosec.exchange,true,false,
corvinux@mastodon.social,true,false,
Cristin@infosec.exchange,true,false,
csoghoian@infosec.exchange,true,false,
cstross@wandering.shop,true,false,
CurtWilson@mastodon.social,true,false,
cyber_cox@infosec.exchange,true,false,
CyberAlexi@ioc.exchange,true,false,
Cybersecexp@mastodon.social,true,false,
cyplo@peninsula.industries,true,false,
d00gman@infosec.exchange,true,false,
d0c_s4vage@infosec.exchange,true,false,
D4V1D@defcon.social,true,false,
da_667@infosec.exchange,true,false,
dailydiscordia@bird.makeup,true,false,
dangoodin@infosec.exchange,true,false,
DarkLordoftheIT@infosec.exchange,true,false,
DarkOperator@infosec.exchange,true,false,
darkuncle@infosec.exchange,true,false,
DarthDomino@infosec.exchange,true,false,
dasgrog@infosec.exchange,true,false,
dash@infosec.exchange,true,false,
dave_aitel@mastodon.social,true,false,
daveoj@infosec.exchange,true,false,
davesdogmaggie@mstdn.social,true,false,
DaveWhosDave@ioc.exchange,true,false,
dcdb@infosec.exchange,true,false,
deadbits@mastodon.social,true,false,
deadjakk@infosec.exchange,true,false,
decryptlyfe@infosec.exchange,true,false,
defcon@defcon.social,true,false,
defcon201@hostux.social,true,false,
dell@journa.host,true,false,
deneb_alpha@union.place,true,false,
dennisf@infosec.exchange,true,false,
dentarg@mastodon.social,true,false,
derPUPE@chaos.social,true,false,
dethveggie@mastodon.online,true,false,
df_sec@infosec.exchange,true,false,
Diami03@infosec.exchange,true,false,
dildog@hackers.town,true,false,
Dio9sys@tragi.cc,true,false,
DistributedDave@infosec.exchange,true,false,
djb@cr.yp.to,true,false,
djmanilaice@infosec.exchange,true,false,
djtechnocrat@infosec.exchange,true,false,
dl0x0@hachyderm.io,true,false,
dlitchfield@infosec.exchange,true,false,
dmarti@federate.social,true,false,
dnsprincess@infosec.exchange,true,false,
donelias@mastodon.cr,true,false,
donncha@donncha.is,true,false,
Doodlewhale@mastodon.social,true,false,
dot_asm@infosec.exchange,true,false,
dotBATman@infosec.exchange,true,false,
douglevin@infosec.exchange,true,false,
dozykraut@hessen.social,true,false,
dragosr@chaos.social,true,false,
dreadpir8robots@infosec.exchange,true,false,
drewharwell@mastodon.social,true,false,
dw@infosec.exchange,true,false,
earl@sfba.social,true,false,
EC64@oldbytes.space,true,false,
Ed@infosec.exchange,true,false,
eddie1perez@mastodon.social,true,false,
eescobar@me.dm,true,false,
eff@mastodon.social,true,false,
ege@infosec.exchange,true,false,
egru@infosec.exchange,true,false,
egypt@mastodon.social,true,false,
elizabethcardona9@infosec.exchange,true,false,
elliottjustin@mastodon.social,true,false,
Ellopunk@infosec.exchange,true,false,
elwell@infosec.exchange,true,false,
Em0nM4stodon@infosec.exchange,true,false,
emma_lurie@hci.social,true,false,
emory@soc.kvet.ch,true,false,
emsimani@mastodon.online,true,false,
ephzero@emacs.ch,true,false,
epixoip@infosec.exchange,true,false,
eric_capuano@infosec.exchange,true,false,
erickgalinkin@mastodon.social,true,false,
erin@hachyderm.io,true,false,
eromang@infosec.exchange,true,false,
ErrataRob@infosec.exchange,true,false,
evacide@hachyderm.io,true,false,
evan@cosocial.ca,true,false,
evan@prodromou.pub,true,false,
everyDotGov@botsin.space,true,false,
EvilEyeShawn@infosec.exchange,true,false,
evilmog@defcon.social,true,false,
evilmog@infosec.exchange,true,false,
evilsocket@automa.sh,true,false,
expl0it@infosec.exchange,true,false,
fahmiwrite@newsie.social,true,false,
FediFollows@social.growyourown.services,true,false,
fennix@infosec.exchange,true,false,
Fenrir@defcon.social,true,false,
fifonetworks@infosec.exchange,true,false,
filippo@abyssdomain.expert,true,false,
firefart@infosec.exchange,true,false,
FishermansEnemy@infosec.exchange,true,false,
floriann@infosec.exchange,true,false,
fmoliveira@fosstodon.org,true,false,
foone@digipres.club,true,false,
Foss@infosec.exchange,true,false,
Fr333k@infosec.exchange,true,false,
frankenspock@mas.to,true,false,
frozenfoxx@infosec.exchange,true,false,
fujin@hachyderm.io,true,false,
fuzztech@infosec.exchange,true,false,
fyoorer@infosec.exchange,true,false,
g@irrelephant.co,true,false,
g0blin2dex@infosec.exchange,true,false,
g0tmi1k@infosec.exchange,true,false,
G33KatWork@infosec.exchange,true,false,
GabrielLandau@infosec.exchange,true,false,
gabsmashh@infosec.exchange,true,false,
gallypette@infosec.exchange,true,false,
gattaca@infosec.exchange,true,false,
gbattese@mastodon.social,true,false,
gchetrick@infosec.exchange,true,false,
gcluley@mastodon.green,true,false,
gdbassett@mastodon.social,true,false,
Gdead@infosec.exchange,true,false,
geekgrrl@infosec.exchange,true,false,
geraldcombs@infosec.exchange,true,false,
ghostrodeo@infosec.exchange,true,false,
ginnyhogan@mstdn.jp,true,false,
GossiTheDog@cyberplace.social,true,false,
GovTrack@mastodon.social,true,false,
gradius@infosec.exchange,true,false,
GreatestTrek@friendsofdesoto.social,true,false,
grey@infosec.exchange,true,false,
greynoise@infosec.exchange,true,false,
grinch@infosec.exchange,true,false,
GrogsAxle@infosec.exchange,true,false,
gulovsen@mastodon.social,true,false,
gynvael@infosec.exchange,true,false,
h_null@infosec.exchange,true,false,
h3h@atx.pub,true,false,
hackerfantastic@social.hackerfraternity.org,true,false,
HackerJeopardy@defcon.social,true,false,
hackers_gifs@botsin.space,true,false,
hacks_zach@infosec.exchange,true,false,
hacks4pancakes@infosec.exchange,true,false,
hal8999@infosec.exchange,true,false,
HalvarFlake@mastodon.social,true,false,
HarleyGeiger@infosec.exchange,true,false,
hAxel@infosec.exchange,true,false,
haxorthematrix@infosec.exchange,true,false,
hdm@infosec.exchange,true,false,
HeadlessZeke@defcon.social,true,false,
HeadlessZeke@infosec.exchange,true,false,
Heinbrian@infosec.exchange,true,false,
heyder@infosec.exchange,true,false,
hiway@mastodon.xyz,true,false,
honoki@infosec.exchange,true,false,
horizon3attack@bird.makeup,true,false,
hotdogitsclaire@defcon.social,true,false,
hotelzululima@mastodon.social,true,false,
hotforteacher@friendsofdesoto.social,true,false,
hrbrmstr@infosec.exchange,true,false,
hrbrmstr@mastodon.social,true,false,
hrbrmstr@vis.social,true,false,
huxley@infosec.exchange,true,false,
hydrox@defcon.social,true,false,
Hypn@infosec.exchange,true,false,
iagox86@infosec.exchange,true,false,
ian@hachyderm.io,true,false,
iCyberFighter@infosec.exchange,true,false,
icymi_law@esq.social,true,false,
imdklined@infosec.exchange,true,false,
imtheq@realsocial.life,true,false,
indivisibleteam@mastodon.social,true,false,
Infosanity@infosec.exchange,true,false,
infosec_nick@infosec.exchange,true,false,
Infosecjen@infosec.exchange,true,false,
infosecn1nja@infosec.exchange,true,false,
InfoSecSherpa@infosec.exchange,true,false,
infosystir@infosec.exchange,true,false,
INIT6@infosec.exchange,true,false,
insanitybit@infosec.exchange,true,false,
insomniac@mastodon.online,true,false,
int0x80@infosec.exchange,true,false,
internetarchive@mastodon.archive.org,true,false,
intidc@mastodon.social,true,false,
invisiblethreat@infosec.exchange,true,false,
iotku@mastodon.social,true,false,
Itakenaps@infosec.exchange,true,false,
ItsGotStarTrek@tenforward.social,true,false,
ivory@tapbots.social,true,false,
j_opdenakker@infosec.exchange,true,false,
jack_daniel@mastodon.social,true,false,
jackhcable@mastodon.social,true,false,
jackrhysider@infosec.exchange,true,false,
james@burningnebula.net,true,false,
jasonbrooks@sfba.social,true,false,
javiermon@mastodon.online,true,false,
JaysonEStreet@infosec.exchange,true,false,
jcheroske@kolektiva.social,true,false,
Jcran@infosec.exchange,true,false,
jduck@infosec.exchange,true,false,
jeff@infosec.exchange,true,false,
jeffers00n@tiny.tilde.website,true,false,
jeffmcjunkin@infosec.exchange,true,false,
JeffStone@infosec.exchange,true,false,
jeffthomasaero@infosec.exchange,true,false,
JegVilleSeShitposts@norrebro.space,true,false,
jeremykohler@newsie.social,true,false,
JeremySchwartz@newsie.social,true,false,
jerry@infosec.exchange,true,false,
Jetengineweasel@hackers.town,true,false,
jett@infosec.exchange,true,false,
jgillum@mastodon.social,true,false,
jgor@defcon.social,true,false,
jgreig@ioc.exchange,true,false,
jimbob@aus.social,true,false,
jjx@infosec.exchange,true,false,
jkirk@infosec.exchange,true,false,
JLLeitschuh@infosec.exchange,true,false,
Joaquincastrotx@mastodon.social,true,false,
joe_bear@mstdn.social,true,false,
joebeone@techpolicy.social,true,false,
JoeGrowling@todon.eu,true,false,
joern@threatactor.club,true,false,
joernchen@mastodon.social,true,false,
JoeUchill@mastodon.social,true,false,
joev@infosec.exchange,true,false,
johannagunawan@hci.social,true,false,
johnduggins@infosec.exchange,true,false,
jonasl@infosec.exchange,true,false,
jonathandata0@infosec.exchange,true,false,
jonathansampson@mastodon.social,true,false,
josephcox@infosec.exchange,true,false,
JosephMenn@infosec.exchange,true,false,
joshcorman@infosec.exchange,true,false,
joshops@infosec.exchange,true,false,
joshsokol@infosec.exchange,true,false,
JosiahBruner@ioc.exchange,true,false,
jschuh@infosec.exchange,true,false,
jsrailton@mastodon.social,true,false,
JSteeleIR@infosec.exchange,true,false,
jstnkndy@infosec.exchange,true,false,
jullrich@infosec.exchange,true,false,
JurisHacker@infosec.exchange,true,false,
justinsteven@infosec.exchange,true,false,
jviide@infosec.exchange,true,false,
jwz@mastodon.social,true,false,
k8em0@infosec.exchange,true,false,
kartikay@mastodon.social,true,false,
kashhill@mastodon.social,true,false,
kayshon@trekkies.social,true,false,
kenmizota@mas.to,true,false,
kerberosmansour@infosec.exchange,true,false,
kernelsmith@infosec.exchange,true,false,
kevinrothrock@infosec.exchange,true,false,
kiirtanrosario@mastodon.social,true,false,
kimberlyadams@mastodon.online,true,false,
kimmy@hackers.town,true,false,
kimzetter@infosec.exchange,true,false,
kirbykuehl@infosec.exchange,true,false,
kirk@pageofwords.com,true,false,
koburgee@infosec.exchange,true,false,
kramse@social.kramse.org,true,false,
ktneely@infosec.exchange,true,false,
Kurt@mstdn.social,true,false,
kurtseifried@infosec.exchange,true,false,
kyhwana@furry.nz,true,false,
lapt0r@infosec.exchange,true,false,
larry@infosec.exchange,true,false,
LawyerLiz@infosec.exchange,true,false,
lcamtuf@infosec.exchange,true,false,
legind@mastodon.social,true,false,
leigh@ottawa.place,true,false,
lhn@mastodon.online,true,false,
lintile@hackers.town,true,false,
lobsters@botsin.space,true,false,
Lockdownyourlife@infosec.exchange,true,false,
LOLSCOTUS@law.builders,true,false,
loops@infosec.exchange,true,false,
lorddimwit@infosec.exchange,true,false,
lorddimwit@mastodon.social,true,false,
lorenzofb@infosec.exchange,true,false,
lowtec@infosec.exchange,true,false,
Luketoop@infosec.exchange,true,false,
lussenpop@newsie.social,true,false,
lzskiss@ioc.exchange,true,false,
m_rothe@infosec.exchange,true,false,
maddiestone@infosec.exchange,true,false,
mainframed767@infosec.exchange,true,false,
maldr0id@infosec.exchange,true,false,
malware_traffic@infosec.exchange,true,false,
malwarejake@infosec.exchange,true,false,
malwaretech@infosec.exchange,true,false,
malwareunicorn@infosec.exchange,true,false,
manizzle@sfba.social,true,false,
marcia@defcon.social,true,false,
marcmulzer@fosstodon.org,true,false,
marcusfrex@mastodon.social,true,false,
mariamelba@mastodon.social,true,false,
MarkTurnerNC@triangle.social,true,false,
markymclaughlin@infosec.exchange,true,false,
markymclaughlin@mastodon.social,true,false,
maslow@queer.party,true,false,
matir@infosec.exchange,true,false,
matt_pardo@infosec.exchange,true,false,
mattblaze@federate.social,true,false,
matthew_d_green@ioc.exchange,true,false,
MattHodges@mastodon.social,true,false,
mattjames@infosec.exchange,true,false,
mattmulvahill@fosstodon.org,true,false,
mattsi@todon.eu,true,false,
mauvehed@defcon.social,true,false,
maxblau@newsie.social,true,false,
maxharlow@mastodon.social,true,false,
mc_frontalot@mastodon.cloud,true,false,
mckeay@infosec.exchange,true,false,
mcp@infosec.exchange,true,false,
mdfranz@infosec.exchange,true,false,
Medus4@hackers.town,true,false,
meerkatnip@infosec.exchange,true,false,
megazone@infosec.exchange,true,false,
mekkaokereke@hachyderm.io,true,false,
metasploit@infosec.exchange,true,false,
metlstorm@infosec.exchange,true,false,
mewocat@mastodon.lol,true,false,
mgngates@journa.host,true,false,
micahflee@infosec.exchange,true,false,
michaelcox@mastodon.world,true,false,
micheleann@eldritch.cafe,true,false,
midnightslacker@infosec.exchange,true,false,
mihi@infosec.exchange,true,false,
mikecherry@infosec.exchange,true,false,
MikeElgan@mastodon.social,true,false,
mikey@friendsofdesoto.social,true,false,
mjgardner@social.sdf.org,true,false,
mjskay@fediscience.org,true,false,
mkd@infosec.exchange,true,false,
mmasnick@mastodon.social,true,false,
mmazurek@infosec.exchange,true,false,
modestproposal@mastodon.social,true,false,
molly0xfff@hachyderm.io,true,false,
mrjefftang@infosec.exchange,true,false,
mrkoot@infosec.exchange,true,false,
MrLovenstein@mastodon.social,true,false,
MrMeritology@infosec.exchange,true,false,
mroesch@mstdn.social,true,false,
mttaggart@infosec.town,true,false,
mubix@infosec.exchange,true,false,
Mudge@mastodon.social,true,false,
mugu@infosec.exchange,true,false,
muschem@infosec.exchange,true,false,
mxkate@disabled.social,true,false,
mzbat@infosec.exchange,true,false,
mzje@infosec.exchange,true,false,
n00bz@defcon.social,true,false,
n3tl0kr@infosec.exchange,true,false,
nasko@infosec.exchange,true,false,
nazokiyoubinbou@mastodon.social,true,false,
ncweaver@thecooltable.wtf,true,false,
neilbedi@newsie.social,true,false,
neilmadden@infosec.exchange,true,false,
nejenkins@infosec.exchange,true,false,
netresec@infosec.exchange,true,false,
neurovagrant@masto.deoan.org,true,false,
nicksdavis@infosec.exchange,true,false,
NicoleP@infosec.exchange,true,false,
Nightyear@infosec.exchange,true,false,
NK30@tech.lgbt,true,false,
nmeans@ruby.social,true,false,
nocontexttrek@mastodon.social,true,false,
nonspecialist@aus.social,true,false,
nrs@mastodon.social,true,false,
ntkramer@infosec.exchange,true,false,
nvemb3r@defcon.social,true,false,
nyt_first_said@botsin.space,true,false,
odo@dustbuster.club,true,false,
oj@cybervillains.com,true,false,
olofbeckman@vis.social,true,false,
omar@infosec.exchange,true,false,
oneunderscore__@mastodon.social,true,false,
ooqaarx@infosec.exchange,true,false,
operant@infosec.exchange,true,false,
orange@infosec.exchange,true,false,
osman@hachyderm.io,true,false,
OverSoft@infosec.exchange,true,false,
p373w007@infosec.exchange,true,false,
p4gs@infosec.exchange,true,false,
paco@infosec.exchange,true,false,
pagliery@mstdn.social,true,false,
pancakescon@infosec.exchange,true,false,
paradx@chaos.social,true,false,
parmy@techhub.social,true,false,
parsiya@infosec.exchange,true,false,
passwordscon@infosec.exchange,true,false,
patch@infosec.exchange,true,false,
patrickcmiller@infosec.exchange,true,false,
paul_ipv6@infosec.exchange,true,false,
paulasadoorian@infosec.exchange,true,false,
pbarry25@infosec.exchange,true,false,
Percent_x@defcon.social,true,false,
Perla_Trevizo@newsie.social,true,false,
peter@m.brokep.com,true,false,
peterloshin@mastodon.world,true,false,
picardtips@botsin.space,true,false,
pigdog@a.gup.pe,true,false,
podsothoth@defcon.social,true,false,
postmodern@infosec.exchange,true,false,
postmodern@ruby.social,true,false,
power_napz@infosec.exchange,true,false,
prats@infosec.exchange,true,false,
pre@boing.world,true,false,
preciousroy@mstdn.social,true,false,
PrincessOfCats@mastodon.social,true,false,
ProPublica@newsie.social,true,false,
Pwnallthethings@mastodon.social,true,false,
Quaddi@defcon.social,true,false,
quine@infosec.exchange,true,false,
qutluch@infosec.exchange,true,false,
r000t@fosstodon.org,true,false,
r00t0v3rr1d3@infosec.exchange,true,false,
racheltobac@infosec.exchange,true,false,
Rairii@haqueers.com,true,false,
Raj_Samani@ioc.exchange,true,false,
Rapid7Official@infosec.exchange,true,false,
Rathmore@mastodon.art,true,false,
rayredacted@infosec.exchange,true,false,
rbidou@infosec.exchange,true,false,
rcvalle@mastodon.social,true,false,
realDannyDorko@infosec.exchange,true,false,
reg@infosec.exchange,true,false,
retbandit@infosec.exchange,true,false,
reverseics@infosec.exchange,true,false,
RGKelley5@infosec.exchange,true,false,
rhythmx@infosec.exchange,true,false,
ric96@mastodon.online,true,false,
rickbenavidez@ruby.social,true,false,
ridt@infosec.exchange,true,false,
RikerGoogling@botsin.space,true,false,
riposte@infosec.exchange,true,false,
riskybusiness@infosec.exchange,true,false,
robert_a@infosec.exchange,true,false,
robpomeroy@infosec.exchange,true,false,
rochfo@infosec.exchange,true,false,
rodhilton@mastodon.social,true,false,
roguelike_con@mastodon.gamedev.place,true,false,
rootkovska@mastodon.social,true,false,
RoRo@ioc.exchange,true,false,
rseymour@infosec.exchange,true,false,
runZeroInc@infosec.exchange,true,false,
ryanjones123452@infosec.exchange,true,false,
safesecs@infosec.exchange,true,false,
samsabin@mastodon.online,true,false,
samurailink3@mastodon.cloud,true,false,
sanitybit@infosec.exchange,true,false,
sarahjeong@mastodon.social,true,false,
sarif@infosec.exchange,true,false,
Savagejen@mastodon.social,true,false,
sawaba@infosec.exchange,true,false,
scalzi@mastodon.social,true,false,
schmidt_fu@mstdn.social,true,false,
sciaticnerd@infosec.exchange,true,false,
scknogas@defcon.social,true,false,
scottgal@hachyderm.io,true,false,
ScottMortimer@infosec.exchange,true,false,
scottwright@infosec.exchange,true,false,
seanflahertyia@toad.social,true,false,
SeanWrightSec@infosec.exchange,true,false,
SebastianSteber@infosec.exchange,true,false,
sebkinne@infosec.exchange,true,false,
securelyfitz@chaos.social,true,false,
SecureOwl@infosec.exchange,true,false,
security_craig@infosec.exchange,true,false,
security_craig@mastodon.social,true,false,
security_panda@infosec.exchange,true,false,
security@infosec.exchange,true,false,
securityaffairs@infosec.exchange,true,false,
securityledger@noc.social,true,false,
securitymb@infosec.exchange,true,false,
Secvalve@cloudisland.nz,true,false,
SexyCyborg@mastodon.social,true,false,
shipcod3@teslapwners.club,true,false,
sho_luv@infosec.exchange,true,false,
shortridge@hachyderm.io,true,false,
sickness@infosec.exchange,true,false,
signalapp@mastodon.world,true,false,
simontsui@infosec.exchange,true,false,
simplenomad@rigor-mortis.nmrc.org,true,false,
SinderzNAshes@infosec.exchange,true,false,
singe@chaos.social,true,false,
sirdarckcat@infosec.exchange,true,false,
sj@social.scriptjunkie.us,true,false,
skillfulhacking@infosec.exchange,true,false,
smitty@halibut.com,true,false,
snail@infosec.exchange,true,false,
snipe@hackers.town,true,false,
Snowdarkz@infosec.exchange,true,false,
SonarResearch@infosec.exchange,true,false,
sortius@mstdn.social,true,false,
spacerog@mastodon.social,true,false,
spartan@infosec.exchange,true,false,
spartan@mastodon.xyz,true,false,
spinning_bird@mstdn.games,true,false,
splicer@makersocial.online,true,false,
SpyBlog@mastodon.social,true,false,
Staatsgeheim@mastodon.social,true,false,
StabbyCutyou@mastodon.social,true,false,
StaceyHolleran@infosec.exchange,true,false,
starefossen@snabelen.no,true,false,
Stavro@prodromou.pub,true,false,
ste11ar@infosec.exchange,true,false,
stefan_keller@eupolicy.social,true,false,
stegopax@mastodon.social,true,false,
SteveD3@infosec.exchange,true,false,
stevelord@bladerunner.social,true,false,
stevenseeley@infosec.exchange,true,false,
strandjs@infosec.exchange,true,false,
stratosphere@infosec.exchange,true,false,
strcpy@infosec.exchange,true,false,
SultryAsian@infosec.exchange,true,false,
SummerC0n@infosec.exchange,true,false,
sundhaug92@mastodon.social,true,false,
support@infosec.exchange,true,false,
surefire@infosec.exchange,true,false,
sushidude@mastodon.social,true,false,
SwiftOnSecurity@infosec.exchange,true,false,
syler@infosec.exchange,true,false,
sylkegruhnwald@infosec.exchange,true,false,
synackpse@infosec.exchange,true,false,
SynapticRewrite@hackers.town,true,false,
syssws@infosec.exchange,true,false,
tac0shell@hackers.town,true,false,
taladrane@fosstodon.org,true,false,
tallardyceCA@mstdn.ca,true,false,
taosecurity@infosec.exchange,true,false,
tapbots@tapbots.social,true,false,
Tarah@infosec.exchange,true,false,
tatanus@infosec.exchange,true,false,
taviso@social.sdf.org,true,false,
taylorbanks@infosec.exchange,true,false,
taylorlorenz@mastodon.social,true,false,
techbrunchfr@infosec.exchange,true,false,
tehviking@ruby.social,true,false,
tek@freeradical.zone,true,false,
tekwizz123@ruby.social,true,false,
tenderlove@mastodon.social,true,false,
teriradichel@infosec.exchange,true,false,
thedarktangent@defcon.social,true,false,
TheGibson@hackers.town,true,false,
thegpfury@excelsior.furytech.net,true,false,
thegrugq@infosec.exchange,true,false,
thepacketrat@infosec.exchange,true,false,
thepacketrat@mastodon.sdf.org,true,false,
thepacketrat@mastodon.social,true,false,
thesle3p@infosec.exchange,true,false,
thetokenfemale@infosec.exchange,true,false,
ThinkstCanary@mastodon.sdf.org,true,false,
thorkson@infosec.exchange,true,false,
thorsheim@mastodon.social,true,false,
thotcon@infosec.exchange,true,false,
threatbutt@infosec.exchange,true,false,
threatyodeling@infosec.exchange,true,false,
timyardley@infosec.exchange,true,false,
tinker@infosec.exchange,true,false,
tinker@mastodon.cloud,true,false,
tirsales@chaos.social,true,false,
tkh16@infosec.exchange,true,false,
tmanning@infosec.exchange,true,false,
toasted_flakes@mastodon.social,true,false,
todb@books.infosec.exchange,true,false,
todb@friendsofdesoto.social,true,false,
tom_canukian@infosec.exchange,true,false,
tomnomnom@infosec.exchange,true,false,
TomSellers@infosec.exchange,true,false,
tonya_riley@infosec.exchange,true,false,
Tonyp@infosec.exchange,true,false,
TPR@mastodon.social,true,false,
tprophet@defcon.social,true,false,
tracketpacer@infosec.exchange,true,false,
trebortech@mastodon.social,true,false,
TrekkieSteve@tenforward.social,true,false,
triciakickssaas@infosec.exchange,true,false,
troyhunt@infosec.exchange,true,false,
TryCatchHCF@infosec.exchange,true,false,
tw000@infosec.exchange,true,false,
tychotithonus@infosec.exchange,true,false,
un_kn0wn@infosec.exchange,true,false,
uncle_gobo@todon.eu,true,false,
UnFitz2@universeodon.com,true,false,
Unprovable@mastodon.social,true,false,
V3x8n@defcon.social,true,false,
val@infosec.exchange,true,false,
Valsmith@mastodon.social,true,false,
vanhoefm@infosec.exchange,true,false,
vantablue@writing.exchange,true,false,
varmazis@mstdn.social,true,false,
velocidex@infosec.exchange,true,false,
vihart@mastodon.social,true,false,
violetblue@mastodon.social,true,false,
vipergeek@infosec.exchange,true,false,
virtualvinny@infosec.exchange,true,false,
VirusBulletin@infosec.exchange,true,false,
visari@infosec.exchange,true,false,
Viss@mastodon.social,true,false,
Vuduchick@toad.social,true,false,
w3bguy@infosec.exchange,true,false,
wagenseil@infosec.exchange,true,false,
wald0@infosec.exchange,true,false,
WanderingGlitch@infosec.exchange,true,false,
WanderingGlitch@mastodon.social,true,false,
wbm312@infosec.exchange,true,false,
wdormann@infosec.exchange,true,false,
web3isgreat@indieweb.social,true,false,
webjedi@infosec.exchange,true,false,
Weld@infosec.exchange,true,false,
wendyck@mastodon.social,true,false,
wendynather@infosec.exchange,true,false,
wikipedia@wikis.world,true,false,
wimremes@infosec.exchange,true,false,
window@infosec.exchange,true,false,
wirefall@infosec.exchange,true,false,
Wireghoul@infosec.exchange,true,false,
wirepair@mastodon.social,true,false,
wireshark@ioc.exchange,true,false,
wrw@infosec.exchange,true,false,
wtadler@mastodon.social,true,false,
wuest@hachyderm.io,true,false,
wvu@infosec.exchange,true,false,
wyndepriddy@friendsofdesoto.social,true,false,
Wynter@infosec.exchange,true,false,
XC3LL@mastodon.social,true,false,
xntrik@mastodon.social,true,false,
xor@tech.intersects.art,true,false,
xurizaemon@toot.cafe,true,false,
yaelwrites@mastodon.social,true,false,
yawntor@infosec.exchange,true,false,
yeslikethefood@infosec.exchange,true,false,
yoyoel@macaw.social,true,false,
ytcracker@mastodon.social,true,false,
zackwhittaker@mastodon.social,true,false,
zakir@infosec.exchange,true,false,
zate@infosec.exchange,true,false,
zcopley@mastodon.social,true,false,
zenchicken@infosec.exchange,true,false,
zenchicken@mastodon.social,true,false,
zenofex@mastodon.social,true,false,
zerody@chaos.social,true,false,
zeroSteiner@infosec.exchange,true,false,
